GridPosition,AvgQualiTime,weather_tire_cluster,SOFT,MEDIUM,HARD,INTERMEDIATE,WET,races_prior_this_season,Rain,PointsProp,Status,DriverId,FullName,TeamName,TrackTemp_C,AirTemp_C,Humidity_%,prediction,predicted_start_tyre
1.0,0.0,0,0,1,0,0,0,15.0,0,0.5093333333333333,Finished,max_verstappen,Max Verstappen,Red Bull Racing,31.0,28.5,80,-36.26437,MEDIUM
2.0,0.0,0,0,1,0,0,0,15.0,0,0.6933333333333334,Finished,norris,Lando Norris,McLaren,31.0,28.5,80,-36.192345,MEDIUM
3.0,0.0,0,0,1,0,0,0,15.0,0,0.768,Finished,piastri,Oscar Piastri,McLaren,31.0,28.5,80,-34.874767,MEDIUM
5.0,0.0,0,0,1,0,0,0,15.0,0,0.464,Finished,russell,George Russell,Mercedes,31.0,28.5,80,-33.667957,MEDIUM
4.0,0.0,0,0,1,0,0,0,15.0,0,0.3786666666666666,Finished,leclerc,Charles Leclerc,Ferrari,31.0,28.5,80,-33.413254,MEDIUM
6.0,0.0,0,0,1,0,0,0,15.0,0,0.16,Finished,antonelli,Kimi Antonelli,Mercedes,31.0,28.5,80,-33.368515,MEDIUM
8.0,0.0,0,0,1,0,0,0,15.0,0,0.08,Finished,alonso,Fernando Alonso,Aston Martin,31.0,28.5,80,-27.364126,MEDIUM
10.0,0.0,0,0,1,0,0,0,15.0,0,0.2533333333333333,Finished,hamilton,Lewis Hamilton,Ferrari,31.0,28.5,80,-27.045807,MEDIUM
12.0,0.0,0,0,1,0,0,0,15.0,0,0.0986666666666666,Finished,hulkenberg,Nico Hulkenberg,Kick Sauber,31.0,28.5,80,-25.491089,MEDIUM
13.0,0.0,0,0,1,0,0,0,15.0,0,0.0346666666666666,Finished,sainz,Carlos Sainz,Williams,31.0,28.5,80,-25.491089,MEDIUM
17.0,0.0,0,0,1,0,0,0,9.0,0,0.0,Finished,colapinto,Franco Colapinto,Alpine,31.0,28.5,80,-22.038857,MEDIUM
9.0,0.0,0,0,0,1,0,0,15.0,0,0.016,Finished,tsunoda,Yuki Tsunoda,Red Bull Racing,31.0,28.5,80,-9.363902,HARD
7.0,0.0,0,0,0,1,0,0,15.0,0,0.0373333333333333,Finished,bortoleto,Gabriel Bortoleto,Kick Sauber,31.0,28.5,80,-9.331922,HARD
15.0,0.0,0,0,0,1,0,0,15.0,0,0.064,Finished,ocon,Esteban Ocon,Haas F1 Team,31.0,28.5,80,-9.203238,HARD
11.0,0.0,0,0,0,1,0,0,15.0,0,0.0373333333333333,Finished,bearman,Oliver Bearman,Haas F1 Team,31.0,28.5,80,-9.066215,HARD
14.0,0.0,0,0,0,1,0,0,15.0,0,0.1706666666666666,Finished,albon,Alexander Albon,Williams,31.0,28.5,80,-9.036775,HARD
16.0,0.0,0,0,0,1,0,0,14.0,0,0.08,Finished,stroll,Lance Stroll,Aston Martin,31.0,28.5,80,-7.3828773,HARD
19.0,0.0,0,0,0,1,0,0,15.0,0,0.096,Finished,hadjar,Isack Hadjar,Racing Bulls,31.0,28.5,80,-6.5042863,HARD
18.0,0.0,0,0,0,1,0,0,15.0,0,0.0533333333333333,Finished,lawson,Liam Lawson,Racing Bulls,31.0,28.5,80,-6.471081,HARD
20.0,0.0,0,0,0,1,0,0,15.0,0,0.0506666666666666,Finished,gasly,Pierre Gasly,Alpine,31.0,28.5,80,-6.430416,HARD
